{"accuracy": 0.9998685594111462, "confusion_matrix": [[3097, 0], [1, 4510]], "roc_curve": {"fpr": [0.0, 0.0, 0.0, 0.0, 0.0, 0.0, 0.0, 0.0006457862447529867, 0.0016144656118824668, 0.0019373587342589602, 0.002583144979011947, 0.0029060381013884403, 0.003551824346141427, 0.004197610590894414, 0.006134969325153374, 0.007749434937035841, 0.9970939618986115, 0.9977397481433645, 0.9990313206328705, 0.9996771068776235, 1.0], "tpr": [0.0, 0.0004433606739082243, 0.0006650410108623365, 0.0015517623586787852, 0.9984482376413212, 0.9997783196630459, 1.0, 1.0, 1.0, 1.0, 1.0, 1.0, 1.0, 1.0, 1.0, 1.0, 1.0, 1.0, 1.0, 1.0, 1.0], "auc": 1.0}, "precision_recall": {"precision": [0.5929284963196635, 0.59300644143552, 0.5931623931623932, 0.5934745428233127, 0.5936307408869588, 0.9947078280044102, 0.9958057395143488, 0.9971264367816092, 0.997346893654654, 0.9975674480318443, 0.9980088495575221, 0.998229696835583, 0.9986716847465131, 0.9988928255093003, 0.9995568358076667, 0.9997783687943262, 1.0, 1.0, 1.0, 1.0, 1.0, 1.0, 1.0, 1.0, 1.0], "recall": [1.0, 1.0, 1.0, 1.0, 1.0, 1.0, 1.0, 1.0, 1.0, 1.0, 1.0, 1.0, 1.0, 1.0, 1.0, 1.0, 1.0, 0.9997783196630459, 0.9993349589891377, 0.9988915983152294, 0.9984482376413212, 0.0015517623586787852, 0.0006650410108623365, 0.0004433606739082243, 0.0]}}